{
  "version": "2.0",
  "logging": {
    "fileLoggingMode": "never",
    "logLevel": {
      "default": "Warning",
      "Function": "Information",
      "Host.Results": "Warning",
      "Host.Aggregator": "Warning"
    },
    "applicationInsights": {
      "samplingSettings": {
        "isEnabled": true,
        "maxTelemetryItemsPerSecond": 5,
        "excludedTypes": "Request"
      },
      "enableLiveMetrics": false,
      "enableDependencyTracking": true,
      "enablePerformanceCountersCollection": false
    },
    "console": {
      "isEnabled": false
    }
  },
  "extensionBundle": {
    "id": "Microsoft.Azure.Functions.ExtensionBundle",
    "version": "[4.*, 5.0.0)"
  },
  "extensions": {
    "http": {
      "routePrefix": "api",
      "maxOutstandingRequests": 200,
      "maxConcurrentRequests": 100,
      "dynamicThrottlesEnabled": true
    }
  },
  "cors": {
    "allowedOrigins": [
      "http://localhost:3000",
      "http://localhost:3001",
      "https://calm-tree-03352ba03.1.azurestaticapps.net",
      "https://calm-pebble-043b2db03.1.azurestaticapps.net"
    ],
    "supportCredentials": true
  },
  "functionTimeout": "00:05:00",
  "healthMonitor": {
    "enabled": true,
    "healthCheckInterval": "00:00:10",
    "healthCheckWindow": "00:02:00",
    "healthCheckThreshold": 6,
    "counterThreshold": 0.80
  },
  "retry": {
    "strategy": "fixedDelay",
    "maxRetryCount": 3,
    "delayInterval": "00:00:05"
  }
}
